timestamp,failure
2020-12-13 22:25:00+00:00,0
2020-12-14 00:33:00+00:00,0
2020-12-14 01:42:00+00:00,0
2020-12-14 01:59:00+00:00,0
2020-12-14 02:27:00+00:00,0
2020-12-14 02:43:00+00:00,0
2020-12-14 04:41:00+00:00,0
2020-12-14 06:18:00+00:00,0
2020-12-14 14:43:00+00:00,0
2020-12-14 14:57:00+00:00,0
2020-12-14 15:03:00+00:00,0
2020-12-14 15:15:00+00:00,0
2020-12-14 15:17:00+00:00,0
2020-12-14 15:18:00+00:00,0
2020-12-14 15:25:00+00:00,0
2020-12-14 15:26:00+00:00,0
2020-12-14 15:44:00+00:00,0
2020-12-14 16:04:00+00:00,0
2020-12-14 16:28:00+00:00,0
2020-12-14 16:44:00+00:00,0
2020-12-14 18:00:00+00:00,0
2020-12-14 18:02:00+00:00,0
2020-12-14 18:22:00+00:00,0
2020-12-14 18:53:00+00:00,0
2020-12-14 19:09:00+00:00,0
2020-12-14 19:23:00+00:00,0
2020-12-14 19:40:00+00:00,0
2020-12-14 19:48:00+00:00,0
2020-12-14 20:03:00+00:00,0
2020-12-14 21:20:00+00:00,0
2020-12-14 22:03:00+00:00,0
2020-12-14 22:15:00+00:00,0
2020-12-14 22:57:00+00:00,0
2020-12-14 23:18:00+00:00,0
2020-12-14 23:55:00+00:00,0
2020-12-15 00:10:00+00:00,0
2020-12-15 00:40:00+00:00,0
2020-12-15 02:31:00+00:00,0
2020-12-15 05:03:00+00:00,0
2020-12-15 05:08:00+00:00,0
2020-12-15 06:51:00+00:00,0
2020-12-15 07:13:00+00:00,0
2020-12-15 07:17:00+00:00,0
2020-12-15 07:19:00+00:00,0
2020-12-15 07:20:00+00:00,0
2020-12-15 07:21:00+00:00,0
2020-12-15 10:29:00+00:00,0
2020-12-15 12:21:00+00:00,0
2020-12-15 13:41:00+00:00,0
2020-12-15 14:15:00+00:00,0
2020-12-15 14:17:00+00:00,0
2020-12-15 14:18:00+00:00,0
2020-12-15 14:22:00+00:00,0
2020-12-15 14:24:00+00:00,0
2020-12-15 14:39:00+00:00,0
2020-12-15 14:53:00+00:00,0
2020-12-15 15:27:00+00:00,0
2020-12-15 15:36:00+00:00,0
2020-12-15 15:49:00+00:00,0
2020-12-15 16:36:00+00:00,0
2020-12-15 16:43:00+00:00,0
2020-12-15 16:50:00+00:00,0
2020-12-15 17:00:00+00:00,0
2020-12-15 17:18:00+00:00,0
2020-12-15 17:19:00+00:00,0
2020-12-15 17:35:00+00:00,0
2020-12-15 17:53:00+00:00,0
2020-12-15 18:17:00+00:00,0
2020-12-15 18:18:00+00:00,0
2020-12-15 18:20:00+00:00,0
2020-12-15 18:22:00+00:00,0
2020-12-15 18:54:00+00:00,0
2020-12-15 19:00:00+00:00,0
2020-12-15 19:08:00+00:00,0
2020-12-15 19:15:00+00:00,0
2020-12-15 19:16:00+00:00,0
2020-12-15 19:37:00+00:00,0
2020-12-15 19:49:00+00:00,0
2020-12-15 19:52:00+00:00,0
2020-12-15 19:54:00+00:00,0
2020-12-15 19:55:00+00:00,0
2020-12-15 20:03:00+00:00,0
2020-12-15 20:05:00+00:00,0
2020-12-15 20:07:00+00:00,0
2020-12-15 20:08:00+00:00,0
2020-12-15 20:14:00+00:00,0
2020-12-15 20:17:00+00:00,0
2020-12-15 20:18:00+00:00,0
2020-12-15 20:39:00+00:00,0
2020-12-15 20:41:00+00:00,0
2020-12-15 20:43:00+00:00,0
2020-12-15 20:44:00+00:00,0
2020-12-15 20:45:00+00:00,0
2020-12-15 20:46:00+00:00,0
2020-12-15 20:47:00+00:00,0
2020-12-15 20:48:00+00:00,0
2020-12-15 20:49:00+00:00,0
2020-12-15 20:50:00+00:00,0
2020-12-15 20:51:00+00:00,0
2020-12-15 20:52:00+00:00,0
2020-12-15 20:53:00+00:00,0
2020-12-15 20:54:00+00:00,0
2020-12-15 20:55:00+00:00,0
2020-12-15 20:56:00+00:00,0
2020-12-15 20:57:00+00:00,0
2020-12-15 20:58:00+00:00,0
2020-12-15 20:59:00+00:00,0
2020-12-15 21:00:00+00:00,0
2020-12-15 21:01:00+00:00,0
2020-12-15 21:02:00+00:00,0
2020-12-15 21:03:00+00:00,0
2020-12-15 21:04:00+00:00,0
2020-12-15 21:05:00+00:00,0
2020-12-15 21:06:00+00:00,0
2020-12-15 21:07:00+00:00,0
2020-12-15 21:08:00+00:00,0
2020-12-15 21:09:00+00:00,0
2020-12-15 21:10:00+00:00,0
2020-12-15 21:11:00+00:00,0
2020-12-15 21:12:00+00:00,0
2020-12-15 21:13:00+00:00,0
2020-12-15 21:14:00+00:00,0
2020-12-15 21:15:00+00:00,0
2020-12-15 21:16:00+00:00,0
2020-12-15 21:17:00+00:00,0
2020-12-15 21:18:00+00:00,0
2020-12-15 21:19:00+00:00,0
2020-12-15 21:20:00+00:00,0
2020-12-15 21:21:00+00:00,0
2020-12-15 21:22:00+00:00,0
2020-12-15 21:23:00+00:00,0
2020-12-15 21:24:00+00:00,0
2020-12-15 21:25:00+00:00,0
2020-12-15 21:26:00+00:00,0
2020-12-15 21:27:00+00:00,0
2020-12-15 21:28:00+00:00,0
2020-12-15 21:29:00+00:00,0
2020-12-15 21:30:00+00:00,0
2020-12-15 21:31:00+00:00,0
2020-12-15 21:32:00+00:00,0
2020-12-15 21:33:00+00:00,0
2020-12-15 21:34:00+00:00,0
2020-12-15 21:35:00+00:00,0
2020-12-15 21:36:00+00:00,0
2020-12-15 21:37:00+00:00,0
2020-12-15 21:38:00+00:00,0
2020-12-15 21:39:00+00:00,0
2020-12-15 21:40:00+00:00,0
2020-12-15 21:41:00+00:00,0
2020-12-15 21:42:00+00:00,0
2020-12-15 21:43:00+00:00,0
2020-12-15 21:44:00+00:00,0
2020-12-15 21:45:00+00:00,0
2020-12-15 21:46:00+00:00,0
2020-12-15 21:47:00+00:00,0
2020-12-15 21:48:00+00:00,0
2020-12-15 21:49:00+00:00,0
2020-12-15 21:50:00+00:00,0
2020-12-15 21:51:00+00:00,0
2020-12-15 21:52:00+00:00,0
2020-12-15 21:53:00+00:00,0
2020-12-15 21:54:00+00:00,0
2020-12-15 21:55:00+00:00,0
2020-12-15 21:56:00+00:00,0
2020-12-15 21:57:00+00:00,0
2020-12-15 21:58:00+00:00,0
2020-12-15 21:59:00+00:00,0
2020-12-15 22:00:00+00:00,0
2020-12-15 22:01:00+00:00,0
2020-12-15 22:02:00+00:00,0
2020-12-15 22:03:00+00:00,0
2020-12-15 22:04:00+00:00,0
2020-12-15 22:05:00+00:00,0
2020-12-15 22:06:00+00:00,0
2020-12-15 22:07:00+00:00,0
2020-12-15 22:08:00+00:00,0
2020-12-15 22:09:00+00:00,0
2020-12-15 22:10:00+00:00,0
2020-12-15 22:11:00+00:00,0
2020-12-15 22:12:00+00:00,0
2020-12-15 22:13:00+00:00,0
2020-12-15 22:14:00+00:00,0
2020-12-15 22:15:00+00:00,0
2020-12-15 22:16:00+00:00,0
2020-12-15 22:17:00+00:00,0
2020-12-15 22:18:00+00:00,0
2020-12-15 22:19:00+00:00,0
2020-12-15 22:20:00+00:00,0
2020-12-15 22:21:00+00:00,0
2020-12-15 22:22:00+00:00,0
2020-12-15 22:23:00+00:00,0
2020-12-15 22:24:00+00:00,0
2020-12-15 22:25:00+00:00,0
2020-12-15 22:26:00+00:00,0
2020-12-15 22:27:00+00:00,0
2020-12-15 22:28:00+00:00,0
2020-12-15 22:29:00+00:00,0
2020-12-15 22:30:00+00:00,0
2020-12-15 22:31:00+00:00,0
2020-12-15 22:32:00+00:00,0
2020-12-15 22:33:00+00:00,0
2020-12-15 22:34:00+00:00,0
2020-12-15 22:35:00+00:00,0
2020-12-15 22:36:00+00:00,0
2020-12-15 22:37:00+00:00,0
2020-12-15 22:38:00+00:00,0
2020-12-15 22:39:00+00:00,0
2020-12-15 22:40:00+00:00,0
2020-12-15 22:41:00+00:00,0
2020-12-15 22:42:00+00:00,0
2020-12-15 22:43:00+00:00,0
2020-12-15 22:44:00+00:00,0
2020-12-15 22:45:00+00:00,0
2020-12-15 22:46:00+00:00,0
2020-12-15 22:47:00+00:00,0
2020-12-15 22:48:00+00:00,0
2020-12-15 22:49:00+00:00,0
2020-12-15 22:50:00+00:00,0
2020-12-15 22:51:00+00:00,0
2020-12-15 22:52:00+00:00,0
2020-12-15 22:53:00+00:00,0
2020-12-15 22:54:00+00:00,0
2020-12-15 22:55:00+00:00,0
2020-12-15 22:56:00+00:00,0
2020-12-15 22:57:00+00:00,0
2020-12-15 22:58:00+00:00,0
2020-12-15 22:59:00+00:00,0
2020-12-15 23:00:00+00:00,0
2020-12-15 23:01:00+00:00,0
2020-12-15 23:02:00+00:00,0
2020-12-15 23:03:00+00:00,0
2020-12-15 23:04:00+00:00,0
2020-12-15 23:05:00+00:00,0
2020-12-15 23:06:00+00:00,0
2020-12-15 23:07:00+00:00,0
2020-12-15 23:08:00+00:00,0
2020-12-15 23:09:00+00:00,0
2020-12-15 23:10:00+00:00,0
2020-12-15 23:11:00+00:00,0
2020-12-15 23:12:00+00:00,0
2020-12-15 23:13:00+00:00,0
2020-12-15 23:14:00+00:00,0
2020-12-15 23:15:00+00:00,0
2020-12-15 23:16:00+00:00,0
2020-12-15 23:17:00+00:00,0
2020-12-15 23:18:00+00:00,0
2020-12-15 23:19:00+00:00,0
2020-12-15 23:20:00+00:00,0
2020-12-15 23:21:00+00:00,0
2020-12-15 23:22:00+00:00,0
2020-12-15 23:23:00+00:00,0
2020-12-15 23:24:00+00:00,0
2020-12-15 23:25:00+00:00,0
2020-12-15 23:26:00+00:00,0
2020-12-15 23:27:00+00:00,0
2020-12-15 23:28:00+00:00,0
2020-12-15 23:29:00+00:00,0
2020-12-15 23:30:00+00:00,0
2020-12-15 23:31:00+00:00,0
2020-12-15 23:32:00+00:00,0
2020-12-15 23:33:00+00:00,0
2020-12-15 23:34:00+00:00,0
2020-12-15 23:35:00+00:00,0
2020-12-15 23:36:00+00:00,0
2020-12-15 23:37:00+00:00,0
2020-12-15 23:38:00+00:00,0
2020-12-15 23:39:00+00:00,0
2020-12-15 23:40:00+00:00,0
2020-12-15 23:41:00+00:00,0
2020-12-15 23:42:00+00:00,0
2020-12-15 23:43:00+00:00,0
2020-12-15 23:44:00+00:00,0
2020-12-15 23:45:00+00:00,0
2020-12-15 23:46:00+00:00,0
2020-12-15 23:47:00+00:00,0
2020-12-15 23:48:00+00:00,0
2020-12-15 23:49:00+00:00,0
2020-12-15 23:50:00+00:00,0
2020-12-15 23:51:00+00:00,0
2020-12-15 23:52:00+00:00,0
2020-12-15 23:53:00+00:00,0
2020-12-15 23:54:00+00:00,0
2020-12-15 23:55:00+00:00,0
2020-12-15 23:56:00+00:00,0
2020-12-15 23:57:00+00:00,0
2020-12-15 23:58:00+00:00,0
2020-12-15 23:59:00+00:00,0
2020-12-16 00:00:00+00:00,0
2020-12-16 00:01:00+00:00,0
2020-12-16 00:02:00+00:00,0
2020-12-16 00:03:00+00:00,0
2020-12-16 00:04:00+00:00,0
2020-12-16 00:05:00+00:00,0
2020-12-16 00:06:00+00:00,0
2020-12-16 00:07:00+00:00,0
2020-12-16 00:08:00+00:00,0
2020-12-16 00:09:00+00:00,0
2020-12-16 00:10:00+00:00,0
2020-12-16 00:11:00+00:00,0
2020-12-16 00:12:00+00:00,0
2020-12-16 00:13:00+00:00,0
2020-12-16 00:14:00+00:00,0
2020-12-16 00:15:00+00:00,0
2020-12-16 00:16:00+00:00,0
2020-12-16 00:17:00+00:00,0
2020-12-16 00:18:00+00:00,0
2020-12-16 00:19:00+00:00,0
2020-12-16 00:20:00+00:00,0
2020-12-16 00:21:00+00:00,0
2020-12-16 00:22:00+00:00,0
2020-12-16 00:23:00+00:00,0
2020-12-16 00:24:00+00:00,0
2020-12-16 00:25:00+00:00,0
2020-12-16 00:26:00+00:00,0
2020-12-16 00:27:00+00:00,0
2020-12-16 00:28:00+00:00,0
2020-12-16 00:29:00+00:00,0
2020-12-16 00:30:00+00:00,0
2020-12-16 00:31:00+00:00,0
2020-12-16 00:32:00+00:00,0
2020-12-16 00:33:00+00:00,0
2020-12-16 00:34:00+00:00,0
2020-12-16 00:35:00+00:00,0
2020-12-16 00:36:00+00:00,0
2020-12-16 00:37:00+00:00,0
2020-12-16 00:38:00+00:00,0
2020-12-16 00:39:00+00:00,0
2020-12-16 00:40:00+00:00,0
2020-12-16 00:41:00+00:00,0
2020-12-16 00:42:00+00:00,0
2020-12-16 00:43:00+00:00,0
2020-12-16 00:44:00+00:00,0
2020-12-16 00:45:00+00:00,0
2020-12-16 00:46:00+00:00,0
2020-12-16 00:47:00+00:00,0
2020-12-16 00:48:00+00:00,0
2020-12-16 00:49:00+00:00,0
2020-12-16 00:50:00+00:00,0
2020-12-16 00:51:00+00:00,0
2020-12-16 00:52:00+00:00,0
2020-12-16 00:53:00+00:00,0
2020-12-16 00:54:00+00:00,0
2020-12-16 00:55:00+00:00,0
2020-12-16 00:56:00+00:00,0
2020-12-16 00:57:00+00:00,0
2020-12-16 00:58:00+00:00,0
2020-12-16 00:59:00+00:00,0
2020-12-16 01:00:00+00:00,0
2020-12-16 01:01:00+00:00,0
2020-12-16 01:02:00+00:00,0
2020-12-16 01:03:00+00:00,0
2020-12-16 01:04:00+00:00,0
2020-12-16 01:05:00+00:00,0
2020-12-16 01:06:00+00:00,0
2020-12-16 01:07:00+00:00,0
2020-12-16 01:08:00+00:00,0
2020-12-16 01:09:00+00:00,0
2020-12-16 01:10:00+00:00,0
2020-12-16 01:11:00+00:00,0
2020-12-16 01:12:00+00:00,0
2020-12-16 01:13:00+00:00,0
2020-12-16 01:14:00+00:00,0
2020-12-16 01:15:00+00:00,0
2020-12-16 01:16:00+00:00,0
2020-12-16 01:17:00+00:00,0
2020-12-16 01:18:00+00:00,0
2020-12-16 01:19:00+00:00,0
2020-12-16 01:20:00+00:00,0
2020-12-16 01:21:00+00:00,0
2020-12-16 01:22:00+00:00,0
2020-12-16 01:23:00+00:00,0
2020-12-16 01:24:00+00:00,0
2020-12-16 01:25:00+00:00,0
2020-12-16 01:26:00+00:00,0
2020-12-16 01:27:00+00:00,0
2020-12-16 01:28:00+00:00,0
2020-12-16 01:29:00+00:00,0
2020-12-16 01:30:00+00:00,0
2020-12-16 01:31:00+00:00,0
2020-12-16 01:32:00+00:00,0
2020-12-16 01:33:00+00:00,0
2020-12-16 01:34:00+00:00,0
2020-12-16 01:35:00+00:00,0
2020-12-16 01:36:00+00:00,0
2020-12-16 01:37:00+00:00,0
2020-12-16 01:38:00+00:00,0
2020-12-16 01:39:00+00:00,0
2020-12-16 01:40:00+00:00,0
2020-12-16 01:41:00+00:00,0
2020-12-16 01:42:00+00:00,0
2020-12-16 01:43:00+00:00,0
2020-12-16 01:44:00+00:00,0
2020-12-16 01:45:00+00:00,0
2020-12-16 01:46:00+00:00,0
2020-12-16 01:47:00+00:00,0
2020-12-16 01:48:00+00:00,0
2020-12-16 01:49:00+00:00,0
2020-12-16 01:50:00+00:00,0
2020-12-16 01:51:00+00:00,0
2020-12-16 01:52:00+00:00,0
2020-12-16 01:53:00+00:00,0
2020-12-16 01:54:00+00:00,0
2020-12-16 01:55:00+00:00,0
2020-12-16 01:56:00+00:00,0
2020-12-16 01:57:00+00:00,0
2020-12-16 01:58:00+00:00,0
2020-12-16 01:59:00+00:00,0
2020-12-16 02:00:00+00:00,0
2020-12-16 02:01:00+00:00,0
2020-12-16 02:02:00+00:00,0
2020-12-16 02:03:00+00:00,0
2020-12-16 02:04:00+00:00,0
2020-12-16 02:05:00+00:00,0
2020-12-16 02:06:00+00:00,0
2020-12-16 02:07:00+00:00,0
2020-12-16 02:08:00+00:00,0
2020-12-16 02:09:00+00:00,0
2020-12-16 02:10:00+00:00,0
2020-12-16 02:11:00+00:00,0
2020-12-16 02:12:00+00:00,0
2020-12-16 02:13:00+00:00,0
2020-12-16 02:14:00+00:00,0
2020-12-16 02:15:00+00:00,0
2020-12-16 02:16:00+00:00,0
2020-12-16 02:17:00+00:00,0
2020-12-16 02:18:00+00:00,0
2020-12-16 02:19:00+00:00,0
2020-12-16 02:20:00+00:00,0
2020-12-16 02:21:00+00:00,0
2020-12-16 02:22:00+00:00,0
2020-12-16 02:23:00+00:00,0
2020-12-16 02:24:00+00:00,0
2020-12-16 02:25:00+00:00,0
2020-12-16 02:26:00+00:00,0
2020-12-16 02:27:00+00:00,0
2020-12-16 02:28:00+00:00,0
2020-12-16 02:29:00+00:00,0
2020-12-16 02:30:00+00:00,0
2020-12-16 02:31:00+00:00,0
2020-12-16 02:32:00+00:00,0
2020-12-16 02:33:00+00:00,0
2020-12-16 02:34:00+00:00,0
2020-12-16 02:35:00+00:00,0
2020-12-16 02:36:00+00:00,0
2020-12-16 02:37:00+00:00,0
2020-12-16 02:38:00+00:00,0
2020-12-16 02:39:00+00:00,0
2020-12-16 02:40:00+00:00,0
2020-12-16 02:41:00+00:00,0
2020-12-16 02:42:00+00:00,0
2020-12-16 02:43:00+00:00,0
2020-12-16 02:44:00+00:00,0
2020-12-16 02:45:00+00:00,0
2020-12-16 02:46:00+00:00,0
2020-12-16 02:47:00+00:00,0
2020-12-16 02:48:00+00:00,0
2020-12-16 02:49:00+00:00,0
2020-12-16 02:50:00+00:00,0
2020-12-16 02:51:00+00:00,0
2020-12-16 02:52:00+00:00,0
2020-12-16 02:53:00+00:00,0
2020-12-16 02:54:00+00:00,0
2020-12-16 02:55:00+00:00,0
2020-12-16 02:56:00+00:00,0
2020-12-16 02:57:00+00:00,0
2020-12-16 02:58:00+00:00,0
2020-12-16 02:59:00+00:00,0
2020-12-16 03:00:00+00:00,0
2020-12-16 03:01:00+00:00,0
2020-12-16 03:02:00+00:00,0
2020-12-16 03:03:00+00:00,0
2020-12-16 03:04:00+00:00,0
2020-12-16 03:05:00+00:00,0
2020-12-16 03:06:00+00:00,0
2020-12-16 03:07:00+00:00,0
2020-12-16 03:08:00+00:00,0
2020-12-16 03:09:00+00:00,0
2020-12-16 03:10:00+00:00,0
2020-12-16 03:11:00+00:00,0
2020-12-16 03:12:00+00:00,0
2020-12-16 03:13:00+00:00,0
2020-12-16 03:14:00+00:00,0
2020-12-16 03:15:00+00:00,0
2020-12-16 03:16:00+00:00,0
2020-12-16 03:17:00+00:00,0
2020-12-16 03:18:00+00:00,0
2020-12-16 03:19:00+00:00,0
2020-12-16 03:20:00+00:00,0
2020-12-16 03:21:00+00:00,0
2020-12-16 03:22:00+00:00,0
2020-12-16 03:23:00+00:00,0
2020-12-16 03:24:00+00:00,0
2020-12-16 03:25:00+00:00,0
2020-12-16 03:26:00+00:00,0
2020-12-16 03:27:00+00:00,0
2020-12-16 03:28:00+00:00,0
2020-12-16 03:29:00+00:00,0
2020-12-16 03:30:00+00:00,0
2020-12-16 03:31:00+00:00,0
2020-12-16 03:32:00+00:00,0
2020-12-16 03:33:00+00:00,0
2020-12-16 03:34:00+00:00,0
2020-12-16 03:35:00+00:00,0
2020-12-16 03:36:00+00:00,0
2020-12-16 03:37:00+00:00,0
2020-12-16 03:38:00+00:00,0
2020-12-16 03:39:00+00:00,0
2020-12-16 03:40:00+00:00,0
2020-12-16 03:41:00+00:00,0
2020-12-16 03:42:00+00:00,0
2020-12-16 03:43:00+00:00,0
2020-12-16 03:44:00+00:00,0
2020-12-16 03:45:00+00:00,0
2020-12-16 03:46:00+00:00,0
2020-12-16 03:47:00+00:00,0
2020-12-16 03:48:00+00:00,0
2020-12-16 03:49:00+00:00,0
2020-12-16 03:50:00+00:00,0
2020-12-16 03:51:00+00:00,0
2020-12-16 03:52:00+00:00,0
2020-12-16 03:53:00+00:00,0
2020-12-16 03:54:00+00:00,0
2020-12-16 03:55:00+00:00,0
2020-12-16 03:56:00+00:00,0
2020-12-16 03:57:00+00:00,0
2020-12-16 03:58:00+00:00,0
2020-12-16 03:59:00+00:00,0
2020-12-16 04:00:00+00:00,0
2020-12-16 04:01:00+00:00,0
2020-12-16 04:02:00+00:00,0
2020-12-16 04:03:00+00:00,0
2020-12-16 04:04:00+00:00,0
2020-12-16 04:05:00+00:00,0
2020-12-16 04:06:00+00:00,0
2020-12-16 04:07:00+00:00,0
2020-12-16 04:08:00+00:00,0
2020-12-16 04:09:00+00:00,0
2020-12-16 04:10:00+00:00,0
2020-12-16 04:11:00+00:00,0
2020-12-16 04:12:00+00:00,0
2020-12-16 04:13:00+00:00,0
2020-12-16 04:14:00+00:00,0
2020-12-16 04:15:00+00:00,0
2020-12-16 04:16:00+00:00,0
2020-12-16 04:17:00+00:00,0
2020-12-16 04:18:00+00:00,0
2020-12-16 04:19:00+00:00,0
2020-12-16 04:20:00+00:00,0
2020-12-16 04:21:00+00:00,0
2020-12-16 04:22:00+00:00,0
2020-12-16 04:23:00+00:00,0
2020-12-16 04:24:00+00:00,0
2020-12-16 04:25:00+00:00,0
2020-12-16 04:26:00+00:00,0
2020-12-16 04:27:00+00:00,0
2020-12-16 04:28:00+00:00,0
2020-12-16 04:29:00+00:00,0
2020-12-16 04:30:00+00:00,0
2020-12-16 04:31:00+00:00,0
2020-12-16 04:32:00+00:00,0
2020-12-16 04:33:00+00:00,0
2020-12-16 04:34:00+00:00,0
2020-12-16 04:35:00+00:00,0
2020-12-16 04:36:00+00:00,0
2020-12-16 04:37:00+00:00,0
2020-12-16 04:38:00+00:00,0
2020-12-16 04:39:00+00:00,0
2020-12-16 04:40:00+00:00,0
2020-12-16 04:41:00+00:00,0
2020-12-16 04:42:00+00:00,0
2020-12-16 04:43:00+00:00,0
2020-12-16 04:44:00+00:00,0
2020-12-16 04:45:00+00:00,0
2020-12-16 04:46:00+00:00,0
2020-12-16 04:47:00+00:00,0
2020-12-16 04:48:00+00:00,0
2020-12-16 04:49:00+00:00,0
2020-12-16 04:50:00+00:00,0
2020-12-16 04:51:00+00:00,0
2020-12-16 04:52:00+00:00,0
2020-12-16 04:53:00+00:00,0
2020-12-16 04:54:00+00:00,0
2020-12-16 04:55:00+00:00,0
2020-12-16 04:56:00+00:00,0
2020-12-16 04:57:00+00:00,0
2020-12-16 04:58:00+00:00,0
2020-12-16 04:59:00+00:00,0
2020-12-16 05:00:00+00:00,0
2020-12-16 05:01:00+00:00,0
2020-12-16 05:02:00+00:00,0
2020-12-16 05:03:00+00:00,0
2020-12-16 05:04:00+00:00,0
2020-12-16 05:05:00+00:00,0
2020-12-16 05:06:00+00:00,0
2020-12-16 05:07:00+00:00,0
2020-12-16 05:08:00+00:00,0
2020-12-16 05:09:00+00:00,0
2020-12-16 05:10:00+00:00,0
2020-12-16 05:11:00+00:00,0
2020-12-16 05:12:00+00:00,0
2020-12-16 05:13:00+00:00,0
2020-12-16 05:14:00+00:00,0
2020-12-16 05:15:00+00:00,0
2020-12-16 05:16:00+00:00,0
2020-12-16 05:17:00+00:00,0
2020-12-16 05:18:00+00:00,0
2020-12-16 05:19:00+00:00,0
2020-12-16 05:20:00+00:00,0
2020-12-16 05:21:00+00:00,0
2020-12-16 05:22:00+00:00,0
2020-12-16 05:23:00+00:00,0
2020-12-16 05:24:00+00:00,0
2020-12-16 05:25:00+00:00,0
2020-12-16 05:26:00+00:00,0
2020-12-16 05:27:00+00:00,0
2020-12-16 05:28:00+00:00,0
2020-12-16 05:29:00+00:00,0
2020-12-16 05:30:00+00:00,0
2020-12-16 05:31:00+00:00,0
2020-12-16 05:32:00+00:00,0
2020-12-16 05:33:00+00:00,0
2020-12-16 05:34:00+00:00,0
2020-12-16 05:35:00+00:00,0
2020-12-16 05:36:00+00:00,0
2020-12-16 05:37:00+00:00,0
2020-12-16 05:38:00+00:00,0
2020-12-16 05:39:00+00:00,0
2020-12-16 05:40:00+00:00,0
2020-12-16 05:41:00+00:00,0
2020-12-16 05:42:00+00:00,0
2020-12-16 05:43:00+00:00,0
2020-12-16 05:44:00+00:00,0
2020-12-16 05:45:00+00:00,0
2020-12-16 05:46:00+00:00,0
2020-12-16 05:47:00+00:00,0
2020-12-16 05:48:00+00:00,0
2020-12-16 05:49:00+00:00,0
2020-12-16 05:50:00+00:00,0
2020-12-16 05:51:00+00:00,0
2020-12-16 05:52:00+00:00,0
2020-12-16 05:53:00+00:00,0
2020-12-16 05:54:00+00:00,0
2020-12-16 05:55:00+00:00,0
2020-12-16 05:56:00+00:00,0
2020-12-16 05:57:00+00:00,0
2020-12-16 05:58:00+00:00,0
2020-12-16 05:59:00+00:00,0
2020-12-16 06:00:00+00:00,0
2020-12-16 06:01:00+00:00,0
2020-12-16 06:02:00+00:00,0
2020-12-16 06:03:00+00:00,0
2020-12-16 06:04:00+00:00,0
2020-12-16 06:05:00+00:00,0
2020-12-16 06:06:00+00:00,0
2020-12-16 06:07:00+00:00,0
2020-12-16 06:08:00+00:00,0
2020-12-16 06:09:00+00:00,0
2020-12-16 06:10:00+00:00,0
2020-12-16 06:11:00+00:00,0
2020-12-16 06:12:00+00:00,0
2020-12-16 06:13:00+00:00,0
2020-12-16 06:14:00+00:00,0
2020-12-16 06:15:00+00:00,0
2020-12-16 06:16:00+00:00,0
2020-12-16 06:17:00+00:00,0
2020-12-16 06:18:00+00:00,0
2020-12-16 06:19:00+00:00,0
2020-12-16 06:20:00+00:00,0
2020-12-16 06:21:00+00:00,0
2020-12-16 06:22:00+00:00,0
2020-12-16 06:23:00+00:00,0
2020-12-16 06:24:00+00:00,0
2020-12-16 06:25:00+00:00,0
2020-12-16 06:26:00+00:00,0
2020-12-16 06:27:00+00:00,0
2020-12-16 06:28:00+00:00,0
2020-12-16 06:29:00+00:00,0
2020-12-16 06:30:00+00:00,0
2020-12-16 06:31:00+00:00,0
2020-12-16 06:32:00+00:00,0
2020-12-16 06:33:00+00:00,0
2020-12-16 06:34:00+00:00,0
2020-12-16 06:35:00+00:00,0
2020-12-16 06:36:00+00:00,0
2020-12-16 06:37:00+00:00,0
2020-12-16 06:38:00+00:00,0
2020-12-16 06:39:00+00:00,0
2020-12-16 06:40:00+00:00,0
2020-12-16 06:41:00+00:00,0
2020-12-16 06:42:00+00:00,0
2020-12-16 06:43:00+00:00,0
2020-12-16 06:44:00+00:00,0
2020-12-16 06:45:00+00:00,0
2020-12-16 06:46:00+00:00,0
2020-12-16 06:47:00+00:00,0
2020-12-16 06:48:00+00:00,0
2020-12-16 06:49:00+00:00,0
2020-12-16 06:50:00+00:00,0
2020-12-16 06:51:00+00:00,0
2020-12-16 06:52:00+00:00,0
2020-12-16 06:53:00+00:00,0
2020-12-16 06:54:00+00:00,0
2020-12-16 06:55:00+00:00,0
2020-12-16 06:56:00+00:00,0
2020-12-16 06:57:00+00:00,0
2020-12-16 06:58:00+00:00,0
2020-12-16 06:59:00+00:00,0
2020-12-16 07:00:00+00:00,0
2020-12-16 07:01:00+00:00,0
2020-12-16 07:02:00+00:00,0
2020-12-16 07:03:00+00:00,0
2020-12-16 07:04:00+00:00,0
2020-12-16 07:05:00+00:00,0
2020-12-16 07:06:00+00:00,0
2020-12-16 07:07:00+00:00,0
2020-12-16 07:08:00+00:00,0
2020-12-16 07:09:00+00:00,0
2020-12-16 07:10:00+00:00,0
2020-12-16 07:11:00+00:00,0
2020-12-16 07:12:00+00:00,0
2020-12-16 07:13:00+00:00,0
2020-12-16 07:14:00+00:00,0
2020-12-16 07:15:00+00:00,0
2020-12-16 07:16:00+00:00,0
2020-12-16 07:17:00+00:00,0
2020-12-16 07:18:00+00:00,0
2020-12-16 07:19:00+00:00,0
2020-12-16 07:20:00+00:00,0
2020-12-16 07:21:00+00:00,0
2020-12-16 07:22:00+00:00,0
2020-12-16 07:23:00+00:00,0
2020-12-16 07:24:00+00:00,0
2020-12-16 07:25:00+00:00,0
2020-12-16 07:26:00+00:00,0
2020-12-16 07:27:00+00:00,0
2020-12-16 07:28:00+00:00,0
2020-12-16 07:29:00+00:00,0
2020-12-16 07:30:00+00:00,0
2020-12-16 07:31:00+00:00,0
2020-12-16 07:32:00+00:00,0
2020-12-16 07:33:00+00:00,0
2020-12-16 07:34:00+00:00,0
2020-12-16 07:35:00+00:00,0
2020-12-16 07:36:00+00:00,0
2020-12-16 07:37:00+00:00,0
2020-12-16 07:38:00+00:00,0
2020-12-16 07:39:00+00:00,0
2020-12-16 07:40:00+00:00,0
2020-12-16 07:41:00+00:00,0
2020-12-16 07:42:00+00:00,0
2020-12-16 07:43:00+00:00,0
2020-12-16 07:44:00+00:00,0
2020-12-16 07:45:00+00:00,0
2020-12-16 07:46:00+00:00,0
2020-12-16 07:47:00+00:00,0
2020-12-16 07:48:00+00:00,0
2020-12-16 07:49:00+00:00,0
2020-12-16 07:50:00+00:00,0
2020-12-16 07:51:00+00:00,0
2020-12-16 07:52:00+00:00,0
2020-12-16 07:53:00+00:00,0
2020-12-16 07:54:00+00:00,0
2020-12-16 07:55:00+00:00,0
2020-12-16 07:56:00+00:00,0
2020-12-16 07:57:00+00:00,0
2020-12-16 07:58:00+00:00,0
2020-12-16 07:59:00+00:00,0
2020-12-16 08:00:00+00:00,0
2020-12-16 08:01:00+00:00,0
2020-12-16 08:02:00+00:00,0
2020-12-16 08:03:00+00:00,0
2020-12-16 08:04:00+00:00,0
2020-12-16 08:05:00+00:00,0
2020-12-16 08:06:00+00:00,0
2020-12-16 08:07:00+00:00,0
2020-12-16 08:08:00+00:00,0
2020-12-16 08:09:00+00:00,0
2020-12-16 08:10:00+00:00,0
2020-12-16 08:11:00+00:00,0
2020-12-16 08:12:00+00:00,0
2020-12-16 08:13:00+00:00,0
2020-12-16 08:14:00+00:00,0
2020-12-16 08:15:00+00:00,0
2020-12-16 08:16:00+00:00,0
2020-12-16 08:17:00+00:00,0
2020-12-16 08:18:00+00:00,0
2020-12-16 08:19:00+00:00,0
2020-12-16 08:20:00+00:00,0
2020-12-16 08:21:00+00:00,0
2020-12-16 08:22:00+00:00,0
2020-12-16 08:23:00+00:00,0
2020-12-16 08:24:00+00:00,0
2020-12-16 08:25:00+00:00,0
2020-12-16 08:26:00+00:00,0
2020-12-16 08:27:00+00:00,0
2020-12-16 08:28:00+00:00,0
2020-12-16 08:29:00+00:00,0
2020-12-16 08:30:00+00:00,0
2020-12-16 08:31:00+00:00,0
2020-12-16 08:32:00+00:00,0
2020-12-16 08:33:00+00:00,0
2020-12-16 08:34:00+00:00,0
2020-12-16 08:35:00+00:00,0
2020-12-16 08:36:00+00:00,0
2020-12-16 08:37:00+00:00,0
2020-12-16 08:38:00+00:00,0
2020-12-16 08:39:00+00:00,0
2020-12-16 08:40:00+00:00,0
2020-12-16 08:41:00+00:00,0
2020-12-16 08:42:00+00:00,0
2020-12-16 08:43:00+00:00,0
2020-12-16 08:44:00+00:00,0
2020-12-16 08:45:00+00:00,0
2020-12-16 08:46:00+00:00,0
2020-12-16 08:47:00+00:00,0
2020-12-16 08:48:00+00:00,0
2020-12-16 08:49:00+00:00,0
2020-12-16 08:50:00+00:00,0
2020-12-16 08:51:00+00:00,0
2020-12-16 08:52:00+00:00,0
2020-12-16 08:53:00+00:00,0
2020-12-16 08:54:00+00:00,0
2020-12-16 08:55:00+00:00,0
2020-12-16 08:56:00+00:00,0
2020-12-16 08:57:00+00:00,0
2020-12-16 08:58:00+00:00,0
2020-12-16 08:59:00+00:00,0
2020-12-16 09:00:00+00:00,0
2020-12-16 09:01:00+00:00,0
2020-12-16 09:02:00+00:00,0
2020-12-16 09:03:00+00:00,0
2020-12-16 09:04:00+00:00,0
2020-12-16 09:05:00+00:00,0
2020-12-16 09:06:00+00:00,0
2020-12-16 09:07:00+00:00,0
2020-12-16 09:08:00+00:00,0
2020-12-16 09:09:00+00:00,0
2020-12-16 09:10:00+00:00,0
2020-12-16 09:11:00+00:00,0
2020-12-16 09:12:00+00:00,0
2020-12-16 09:13:00+00:00,0
2020-12-16 09:14:00+00:00,0
2020-12-16 09:15:00+00:00,0
2020-12-16 09:16:00+00:00,0
2020-12-16 09:17:00+00:00,0
2020-12-16 09:18:00+00:00,0
2020-12-16 09:19:00+00:00,0
2020-12-16 09:20:00+00:00,0
2020-12-16 09:21:00+00:00,0
2020-12-16 09:22:00+00:00,0
2020-12-16 09:23:00+00:00,0
2020-12-16 09:24:00+00:00,0
2020-12-16 09:25:00+00:00,0
2020-12-16 09:26:00+00:00,0
2020-12-16 09:27:00+00:00,0
2020-12-16 09:28:00+00:00,0
2020-12-16 09:29:00+00:00,0
2020-12-16 09:30:00+00:00,0
2020-12-16 09:31:00+00:00,0
2020-12-16 09:32:00+00:00,0
2020-12-16 09:33:00+00:00,0
2020-12-16 09:34:00+00:00,0
2020-12-16 09:35:00+00:00,0
2020-12-16 09:36:00+00:00,0
2020-12-16 09:37:00+00:00,0
2020-12-16 09:38:00+00:00,0
2020-12-16 09:39:00+00:00,0
2020-12-16 09:40:00+00:00,0
2020-12-16 09:41:00+00:00,0
2020-12-16 09:42:00+00:00,0
2020-12-16 09:43:00+00:00,0
2020-12-16 09:44:00+00:00,0
2020-12-16 09:45:00+00:00,0
2020-12-16 09:46:00+00:00,0
2020-12-16 09:47:00+00:00,0
2020-12-16 09:48:00+00:00,0
2020-12-16 09:49:00+00:00,0
2020-12-16 09:50:00+00:00,0
2020-12-16 09:51:00+00:00,0
2020-12-16 09:52:00+00:00,0
2020-12-16 09:53:00+00:00,0
2020-12-16 09:54:00+00:00,0
2020-12-16 09:55:00+00:00,0
2020-12-16 09:56:00+00:00,0
2020-12-16 09:57:00+00:00,0
2020-12-16 09:58:00+00:00,0
2020-12-16 09:59:00+00:00,0
2020-12-16 10:00:00+00:00,0
2020-12-16 10:01:00+00:00,0
2020-12-16 10:02:00+00:00,0
2020-12-16 10:03:00+00:00,0
2020-12-16 10:04:00+00:00,0
2020-12-16 10:05:00+00:00,0
2020-12-16 10:06:00+00:00,0
2020-12-16 10:07:00+00:00,0
2020-12-16 10:08:00+00:00,0
2020-12-16 10:09:00+00:00,0
2020-12-16 10:10:00+00:00,0
2020-12-16 10:11:00+00:00,0
2020-12-16 10:12:00+00:00,0
2020-12-16 10:13:00+00:00,0
2020-12-16 10:14:00+00:00,0
2020-12-16 10:15:00+00:00,0
2020-12-16 10:16:00+00:00,0
2020-12-16 10:17:00+00:00,0
2020-12-16 10:18:00+00:00,0
2020-12-16 10:19:00+00:00,0
2020-12-16 10:20:00+00:00,0
2020-12-16 10:21:00+00:00,0
2020-12-16 10:22:00+00:00,0
2020-12-16 10:23:00+00:00,0
2020-12-16 10:24:00+00:00,0
2020-12-16 10:25:00+00:00,0
2020-12-16 10:26:00+00:00,0
2020-12-16 10:27:00+00:00,0
2020-12-16 10:28:00+00:00,0
2020-12-16 10:29:00+00:00,0
2020-12-16 10:30:00+00:00,0
2020-12-16 10:31:00+00:00,0
2020-12-16 10:32:00+00:00,0
2020-12-16 10:33:00+00:00,0
2020-12-16 10:34:00+00:00,0
2020-12-16 10:35:00+00:00,0
2020-12-16 10:36:00+00:00,0
2020-12-16 10:37:00+00:00,0
2020-12-16 10:38:00+00:00,0
2020-12-16 10:39:00+00:00,0
2020-12-16 10:40:00+00:00,0
2020-12-16 10:41:00+00:00,0
2020-12-16 10:42:00+00:00,0
2020-12-16 10:43:00+00:00,0
2020-12-16 10:44:00+00:00,0
2020-12-16 10:45:00+00:00,0
2020-12-16 10:46:00+00:00,0
2020-12-16 10:47:00+00:00,0
2020-12-16 10:48:00+00:00,0
2020-12-16 10:49:00+00:00,0
2020-12-16 10:50:00+00:00,0
2020-12-16 10:51:00+00:00,0
2020-12-16 10:52:00+00:00,0
2020-12-16 10:53:00+00:00,0
2020-12-16 10:54:00+00:00,0
2020-12-16 10:55:00+00:00,0
2020-12-16 10:56:00+00:00,0
2020-12-16 10:57:00+00:00,0
2020-12-16 10:58:00+00:00,0
2020-12-16 10:59:00+00:00,0
2020-12-16 11:00:00+00:00,0
2020-12-16 11:01:00+00:00,0
2020-12-16 11:02:00+00:00,0
2020-12-16 11:03:00+00:00,0
2020-12-16 11:04:00+00:00,0
2020-12-16 11:05:00+00:00,0
2020-12-16 11:06:00+00:00,0
2020-12-16 11:07:00+00:00,0
2020-12-16 11:08:00+00:00,0
2020-12-16 11:09:00+00:00,0
2020-12-16 11:10:00+00:00,0
2020-12-16 11:11:00+00:00,0
2020-12-16 11:12:00+00:00,0
2020-12-16 11:13:00+00:00,0
2020-12-16 11:14:00+00:00,0
2020-12-16 11:15:00+00:00,0
2020-12-16 11:16:00+00:00,0
2020-12-16 11:17:00+00:00,0
2020-12-16 11:18:00+00:00,0
2020-12-16 11:19:00+00:00,0
2020-12-16 11:20:00+00:00,0
2020-12-16 11:21:00+00:00,0
2020-12-16 11:22:00+00:00,0
2020-12-16 11:23:00+00:00,0
2020-12-16 11:24:00+00:00,0
2020-12-16 11:25:00+00:00,0
2020-12-16 11:26:00+00:00,0
2020-12-16 11:27:00+00:00,0
2020-12-16 11:28:00+00:00,0
2020-12-16 11:29:00+00:00,0
2020-12-16 11:30:00+00:00,0
2020-12-16 11:31:00+00:00,0
2020-12-16 11:32:00+00:00,0
2020-12-16 11:33:00+00:00,0
2020-12-16 11:34:00+00:00,0
2020-12-16 11:35:00+00:00,0
2020-12-16 11:36:00+00:00,0
2020-12-16 11:37:00+00:00,0
2020-12-16 11:38:00+00:00,0
2020-12-16 11:39:00+00:00,0
2020-12-16 11:40:00+00:00,0
2020-12-16 11:41:00+00:00,0
2020-12-16 11:42:00+00:00,0
2020-12-16 11:43:00+00:00,0
2020-12-16 11:44:00+00:00,0
2020-12-16 11:45:00+00:00,0
2020-12-16 11:46:00+00:00,0
2020-12-16 11:47:00+00:00,0
2020-12-16 11:48:00+00:00,0
2020-12-16 11:49:00+00:00,0
2020-12-16 11:50:00+00:00,0
2020-12-16 11:51:00+00:00,0
2020-12-16 11:52:00+00:00,0
